"stim_id","twister","exp_cond","cb_cond","vowel","is_practice_trial"
"50","iLtLmL iRtLmR rLtLrR","onset","thumb-L->index-L; thumb-R->index-R","thumb-L",FALSE
"80","mRtLiR mLtLrL iLtLrR","onset","thumb-L->index-L; thumb-R->index-R","thumb-L",FALSE
"65","iLtLrL mLtLmR rRtLiR","onset","thumb-L->index-L; thumb-R->index-R","thumb-L",FALSE
"19","mLtLrR iLtLrL mRtLiR","onset","thumb-L->index-L; thumb-R->index-R","thumb-L",FALSE
"109","iRtRmR mLtRrR rLtRiL","onset","thumb-L->index-L; thumb-R->index-R","thumb-R",FALSE
"168","iLtRrR mLtRrL iRtRmR","onset","thumb-L->index-L; thumb-R->index-R","thumb-R",FALSE
"166","iLtRrL mRtRmL iRtRrR","onset","thumb-L->index-L; thumb-R->index-R","thumb-R",FALSE
"174","iRtRmL mRtRrR iLtRrL","onset","thumb-L->index-L; thumb-R->index-R","thumb-R",FALSE
"262","iLtLmR rLtLiR rRtLmL","onset","thumb-L->index-L; thumb-R->middle-R","thumb-L",FALSE
"198","iLtLiR rRtLmR rLtLmL","onset","thumb-L->index-L; thumb-R->middle-R","thumb-L",FALSE
"245","iLtLmL rRtLiR rLtLmR","onset","thumb-L->index-L; thumb-R->middle-R","thumb-L",FALSE
"283","rLtLmL iLtLmR rRtLiR","onset","thumb-L->index-L; thumb-R->middle-R","thumb-L",FALSE
"375","iLtRmL iRtRrR mRtRrL","onset","thumb-L->index-L; thumb-R->middle-R","thumb-R",FALSE
"388","rRtRiL mLtRrL mRtRiR","onset","thumb-L->index-L; thumb-R->middle-R","thumb-R",FALSE
"302","mRtRiL rRtRrL iRtRmL","onset","thumb-L->index-L; thumb-R->middle-R","thumb-R",FALSE
"299","mRtRiL iRtRmL rLtRrR","onset","thumb-L->index-L; thumb-R->middle-R","thumb-R",FALSE
"391","iRtLrR iLtLmL mRtLrL","onset","thumb-L->index-L; thumb-R->ring-R","thumb-L",FALSE
"461","iRtLrR mRtLmL iLtLrL","onset","thumb-L->index-L; thumb-R->ring-R","thumb-L",FALSE
"416","mRtLrR iLtLmL iRtLrL","onset","thumb-L->index-L; thumb-R->ring-R","thumb-L",FALSE
"446","iLtLiR rLtLmL mRtLrR","onset","thumb-L->index-L; thumb-R->ring-R","thumb-L",FALSE
"557","iLtRmL rRtRrL mRtRiR","onset","thumb-L->index-L; thumb-R->ring-R","thumb-R",FALSE
"501","iLtRiR mRtRmL rRtRrL","onset","thumb-L->index-L; thumb-R->ring-R","thumb-R",FALSE
"551","iLtRmL mRtRrL rRtRiR","onset","thumb-L->index-L; thumb-R->ring-R","thumb-R",FALSE
"552","mLtRiR iLtRrL rRtRmR","onset","thumb-L->index-L; thumb-R->ring-R","thumb-R",FALSE
"605","mRtLiL rLtLrR iRtLmL","onset","thumb-L->index-R; thumb-R->index-L","thumb-L",FALSE
"663","rLtLrR iRtLiL mLtLmR","onset","thumb-L->index-R; thumb-R->index-L","thumb-L",FALSE
"679","rLtLiL rRtLmR iRtLmL","onset","thumb-L->index-R; thumb-R->index-L","thumb-L",FALSE
"651","rLtLiL iRtLrR mRtLmL","onset","thumb-L->index-R; thumb-R->index-L","thumb-L",FALSE
"706","iLtRiR mLtRrR mRtRrL","onset","thumb-L->index-R; thumb-R->index-L","thumb-R",FALSE
"697","mLtRiR iLtRrL rRtRmR","onset","thumb-L->index-R; thumb-R->index-L","thumb-R",FALSE
"723","iLtRiR mRtRrL rRtRmL","onset","thumb-L->index-R; thumb-R->index-L","thumb-R",FALSE
"735","mRtRiR rRtRrL iLtRmL","onset","thumb-L->index-R; thumb-R->index-L","thumb-R",FALSE
"815","iRtLmL rLtLiL mRtLrR","onset","thumb-L->index-R; thumb-R->middle-L","thumb-L",FALSE
"861","iLtLrR iRtLrL mLtLmR","onset","thumb-L->index-R; thumb-R->middle-L","thumb-L",FALSE
"800","iRtLiL mLtLrR mRtLrL","onset","thumb-L->index-R; thumb-R->middle-L","thumb-L",FALSE
"847","iRtLrR mLtLmR rLtLiL","onset","thumb-L->index-R; thumb-R->middle-L","thumb-L",FALSE
"905","mLtRmR iLtRiR rRtRrL","onset","thumb-L->index-R; thumb-R->middle-L","thumb-R",FALSE
"947","mLtRrR mRtRrL iLtRiR","onset","thumb-L->index-R; thumb-R->middle-L","thumb-R",FALSE
"912","rRtRiR mLtRrL iLtRmR","onset","thumb-L->index-R; thumb-R->middle-L","thumb-R",FALSE
"882","iLtRrR mLtRiR rLtRmR","onset","thumb-L->index-R; thumb-R->middle-L","thumb-R",FALSE
"973","iLtLrL iRtLrR mLtLmR","onset","thumb-L->index-R; thumb-R->ring-L","thumb-L",FALSE
"1041","iRtLmR rRtLmL iLtLrL","onset","thumb-L->index-R; thumb-R->ring-L","thumb-L",FALSE
"1054","iRtLiL rRtLmR rLtLmL","onset","thumb-L->index-R; thumb-R->ring-L","thumb-L",FALSE
"1062","iRtLrR mLtLmR rLtLiL","onset","thumb-L->index-R; thumb-R->ring-L","thumb-L",FALSE
"1113","rLtRmR iRtRrR mLtRiL","onset","thumb-L->index-R; thumb-R->ring-L","thumb-R",FALSE
"1080","rLtRiR rRtRmR mLtRiL","onset","thumb-L->index-R; thumb-R->ring-L","thumb-R",FALSE
"1072","mRtRmL iLtRiR rLtRrR","onset","thumb-L->index-R; thumb-R->ring-L","thumb-R",FALSE
"1119","mLtRrR mRtRiR rLtRiL","onset","thumb-L->index-R; thumb-R->ring-L","thumb-R",FALSE
"1245","iLtLrR mLtLiR mRtLrL","onset","thumb-L->middle-L; thumb-R->index-R","thumb-L",FALSE
"1244","rLtLmR mLtLiR iLtLrR","onset","thumb-L->middle-L; thumb-R->index-R","thumb-L",FALSE
"1232","rLtLmR mLtLiL rRtLiR","onset","thumb-L->middle-L; thumb-R->index-R","thumb-L",FALSE
"1251","mLtLiR rRtLrL mRtLiL","onset","thumb-L->middle-L; thumb-R->index-R","thumb-L",FALSE
"1266","iRtRmL rRtRmR iLtRrL","onset","thumb-L->middle-L; thumb-R->index-R","thumb-R",FALSE
"1344","rRtRmL iRtRiL rLtRmR","onset","thumb-L->middle-L; thumb-R->index-R","thumb-R",FALSE
"1342","iLtRmL mRtRrL iRtRrR","onset","thumb-L->middle-L; thumb-R->index-R","thumb-R",FALSE
"1287","iRtRrR mLtRmR iLtRrL","onset","thumb-L->middle-L; thumb-R->index-R","thumb-R",FALSE
"1388","rLtLrR iRtLmR mLtLiL","onset","thumb-L->middle-L; thumb-R->middle-R","thumb-L",FALSE
"1433","mRtLrL rRtLiL mLtLiR","onset","thumb-L->middle-L; thumb-R->middle-R","thumb-L",FALSE
"1375","iLtLiR rLtLmR mLtLrR","onset","thumb-L->middle-L; thumb-R->middle-R","thumb-L",FALSE
"1384","iRtLrR mLtLrL mRtLiL","onset","thumb-L->middle-L; thumb-R->middle-R","thumb-L",FALSE
"1533","iRtRrR iLtRrL mRtRmL","onset","thumb-L->middle-L; thumb-R->middle-R","thumb-R",FALSE
"1473","rRtRiL iRtRrL mRtRmL","onset","thumb-L->middle-L; thumb-R->middle-R","thumb-R",FALSE
"1542","rLtRiL mRtRmL iRtRrR","onset","thumb-L->middle-L; thumb-R->middle-R","thumb-R",FALSE
"1457","mLtRrL mRtRiR rRtRiL","onset","thumb-L->middle-L; thumb-R->middle-R","thumb-R",FALSE
"1608","rRtLrL mLtLiR mRtLiL","onset","thumb-L->middle-L; thumb-R->ring-R","thumb-L",FALSE
"1632","iRtLrL iLtLrR mLtLmR","onset","thumb-L->middle-L; thumb-R->ring-R","thumb-L",FALSE
"1563","iRtLrR mLtLrL iLtLmR","onset","thumb-L->middle-L; thumb-R->ring-R","thumb-L",FALSE
"1566","rLtLmR mLtLrR iLtLiR","onset","thumb-L->middle-L; thumb-R->ring-R","thumb-L",FALSE
"1720","rRtRiL mLtRmR rLtRiR","onset","thumb-L->middle-L; thumb-R->ring-R","thumb-R",FALSE
"1669","mLtRiL rLtRmR rRtRiR","onset","thumb-L->middle-L; thumb-R->ring-R","thumb-R",FALSE
"1658","iLtRrL rRtRmR mLtRiR","onset","thumb-L->middle-L; thumb-R->ring-R","thumb-R",FALSE
"1687","rRtRiR rLtRiL mRtRmL","onset","thumb-L->middle-L; thumb-R->ring-R","thumb-R",FALSE
"1800","mRtLiL rRtLrL iRtLmL","onset","thumb-L->middle-R; thumb-R->index-L","thumb-L",FALSE
"1828","mRtLiR iLtLrL rRtLmL","onset","thumb-L->middle-R; thumb-R->index-L","thumb-L",FALSE
"1792","iLtLrR mRtLmL rLtLiR","onset","thumb-L->middle-R; thumb-R->index-L","thumb-L",FALSE
"1824","rLtLrR iLtLiR mRtLmL","onset","thumb-L->middle-R; thumb-R->index-L","thumb-L",FALSE
"1847","rLtRiR mLtRmR iLtRrR","onset","thumb-L->middle-R; thumb-R->index-L","thumb-R",FALSE
"1933","mRtRrR iLtRrL mLtRiR","onset","thumb-L->middle-R; thumb-R->index-L","thumb-R",FALSE
"1882","mRtRmL iLtRrR iRtRrL","onset","thumb-L->middle-R; thumb-R->index-L","thumb-R",FALSE
"1870","iLtRmR iRtRmL rRtRrL","onset","thumb-L->middle-R; thumb-R->index-L","thumb-R",FALSE
"1991","mRtLrL iLtLrR mLtLiR","onset","thumb-L->middle-R; thumb-R->middle-L","thumb-L",FALSE
"2012","mRtLrR rLtLmL iLtLiR","onset","thumb-L->middle-R; thumb-R->middle-L","thumb-L",FALSE
"2010","iRtLrR rLtLmL mRtLiL","onset","thumb-L->middle-R; thumb-R->middle-L","thumb-L",FALSE
"1948","mLtLrL mRtLiL iRtLrR","onset","thumb-L->middle-R; thumb-R->middle-L","thumb-L",FALSE
"2096","rRtRrL mLtRmR iRtRiL","onset","thumb-L->middle-R; thumb-R->middle-L","thumb-R",FALSE
"2115","rLtRiR iLtRrR mLtRmR","onset","thumb-L->middle-R; thumb-R->middle-L","thumb-R",FALSE
"2119","mLtRiL mRtRrR rLtRiR","onset","thumb-L->middle-R; thumb-R->middle-L","thumb-R",FALSE
"2061","mRtRiR mLtRrL iLtRrR","onset","thumb-L->middle-R; thumb-R->middle-L","thumb-R",FALSE
"2206","mRtLrL iRtLrR mLtLiL","onset","thumb-L->middle-R; thumb-R->ring-L","thumb-L",FALSE
"2148","mLtLrR iLtLiR mRtLrL","onset","thumb-L->middle-R; thumb-R->ring-L","thumb-L",FALSE
"2171","mLtLrR iRtLiL mRtLrL","onset","thumb-L->middle-R; thumb-R->ring-L","thumb-L",FALSE
"2200","rLtLiL mRtLiR rRtLmL","onset","thumb-L->middle-R; thumb-R->ring-L","thumb-L",FALSE
"2278","rLtRmL iLtRrR iRtRmR","onset","thumb-L->middle-R; thumb-R->ring-L","thumb-R",FALSE
"2312","rRtRiL mLtRmR rLtRiR","onset","thumb-L->middle-R; thumb-R->ring-L","thumb-R",FALSE
"2265","mRtRmL iLtRiR rLtRrR","onset","thumb-L->middle-R; thumb-R->ring-L","thumb-R",FALSE
"2243","rRtRiL rLtRiR mLtRmR","onset","thumb-L->middle-R; thumb-R->ring-L","thumb-R",FALSE
"2397","iRtLmL rRtLiL rLtLmR","onset","thumb-L->ring-L; thumb-R->index-R","thumb-L",FALSE
"2398","rLtLiL mRtLmL rRtLiR","onset","thumb-L->ring-L; thumb-R->index-R","thumb-L",FALSE
"2386","iLtLiR mLtLrR rLtLmR","onset","thumb-L->ring-L; thumb-R->index-R","thumb-L",FALSE
"2404","mLtLmR rRtLiR rLtLiL","onset","thumb-L->ring-L; thumb-R->index-R","thumb-L",FALSE
"2432","iRtRiL mLtRmR rLtRrR","onset","thumb-L->ring-L; thumb-R->index-R","thumb-R",FALSE
"2453","rLtRrR iRtRiL mLtRmR","onset","thumb-L->ring-L; thumb-R->index-R","thumb-R",FALSE
"2509","iLtRrL iRtRmR mLtRrR","onset","thumb-L->ring-L; thumb-R->index-R","thumb-R",FALSE
"2467","iRtRiL mRtRrL mLtRrR","onset","thumb-L->ring-L; thumb-R->index-R","thumb-R",FALSE
"2607","rLtLmL iRtLrR mRtLiL","onset","thumb-L->ring-L; thumb-R->middle-R","thumb-L",FALSE
"2618","iLtLrR mLtLmR rLtLiR","onset","thumb-L->ring-L; thumb-R->middle-R","thumb-L",FALSE
"2619","mRtLmL rLtLiR iLtLrR","onset","thumb-L->ring-L; thumb-R->middle-R","thumb-L",FALSE
"2602","mRtLrR iRtLmL rLtLiL","onset","thumb-L->ring-L; thumb-R->middle-R","thumb-L",FALSE
"2708","mLtRrR rLtRiR mRtRiL","onset","thumb-L->ring-L; thumb-R->middle-R","thumb-R",FALSE
"2666","rRtRmL rLtRiL mRtRiR","onset","thumb-L->ring-L; thumb-R->middle-R","thumb-R",FALSE
"2669","mLtRrR mRtRiR iLtRrL","onset","thumb-L->ring-L; thumb-R->middle-R","thumb-R",FALSE
"2625","mRtRrR iLtRmL rLtRiR","onset","thumb-L->ring-L; thumb-R->middle-R","thumb-R",FALSE
"2767","rLtLiL mLtLiR rRtLmR","onset","thumb-L->ring-L; thumb-R->ring-R","thumb-L",FALSE
"2813","iLtLrR mRtLiR rLtLmL","onset","thumb-L->ring-L; thumb-R->ring-R","thumb-L",FALSE
"2755","rLtLmR mLtLiL iRtLrR","onset","thumb-L->ring-L; thumb-R->ring-R","thumb-L",FALSE
"2743","mLtLiL iRtLmR rLtLrR","onset","thumb-L->ring-L; thumb-R->ring-R","thumb-L",FALSE
"2889","iLtRmR mLtRiR rRtRrL","onset","thumb-L->ring-L; thumb-R->ring-R","thumb-R",FALSE
"2836","rRtRiR iLtRmR rLtRmL","onset","thumb-L->ring-L; thumb-R->ring-R","thumb-R",FALSE
"2842","mLtRmR rRtRrL iRtRiL","onset","thumb-L->ring-L; thumb-R->ring-R","thumb-R",FALSE
"2863","mRtRiL iRtRrL rRtRmL","onset","thumb-L->ring-L; thumb-R->ring-R","thumb-R",FALSE
"2993","rLtLmL iLtLiR rRtLmR","onset","thumb-L->ring-R; thumb-R->index-L","thumb-L",FALSE
"2997","rRtLmL iLtLrL iRtLmR","onset","thumb-L->ring-R; thumb-R->index-L","thumb-L",FALSE
"2925","mRtLmL iLtLiR rRtLrL","onset","thumb-L->ring-R; thumb-R->index-L","thumb-L",FALSE
"2970","iLtLrL iRtLmR rRtLmL","onset","thumb-L->ring-R; thumb-R->index-L","thumb-L",FALSE
"3054","iRtRmL mRtRrL iLtRrR","onset","thumb-L->ring-R; thumb-R->index-L","thumb-R",FALSE
"3088","rRtRrL mRtRiR iLtRmL","onset","thumb-L->ring-R; thumb-R->index-L","thumb-R",FALSE
"3078","rLtRrR mRtRmL iLtRiR","onset","thumb-L->ring-R; thumb-R->index-L","thumb-R",FALSE
"3070","rLtRiR mLtRrR iLtRmR","onset","thumb-L->ring-R; thumb-R->index-L","thumb-R",FALSE
"3139","mLtLiL rRtLmR iRtLrL","onset","thumb-L->ring-R; thumb-R->middle-L","thumb-L",FALSE
"3143","rRtLiR rLtLiL mRtLmL","onset","thumb-L->ring-R; thumb-R->middle-L","thumb-L",FALSE
"3173","rRtLmL rLtLiR mRtLiL","onset","thumb-L->ring-R; thumb-R->middle-L","thumb-L",FALSE
"3189","rLtLiR mRtLiL rRtLmL","onset","thumb-L->ring-R; thumb-R->middle-L","thumb-L",FALSE
"3276","iRtRrL mLtRrR iLtRmR","onset","thumb-L->ring-R; thumb-R->middle-L","thumb-R",FALSE
"3293","mRtRiR mLtRiL rLtRrR","onset","thumb-L->ring-R; thumb-R->middle-L","thumb-R",FALSE
"3271","mLtRrR rLtRiR mRtRiL","onset","thumb-L->ring-R; thumb-R->middle-L","thumb-R",FALSE
"3253","mLtRiR rLtRmR rRtRiL","onset","thumb-L->ring-R; thumb-R->middle-L","thumb-R",FALSE
"3376","iLtLmR rLtLmL rRtLiR","onset","thumb-L->ring-R; thumb-R->ring-L","thumb-L",FALSE
"3312","iLtLmR rRtLrL iRtLmL","onset","thumb-L->ring-R; thumb-R->ring-L","thumb-L",FALSE
"3345","iLtLmR rLtLiR rRtLmL","onset","thumb-L->ring-R; thumb-R->ring-L","thumb-L",FALSE
"3305","iRtLiL mLtLrL rRtLmR","onset","thumb-L->ring-R; thumb-R->ring-L","thumb-L",FALSE
"3421","iLtRrR iRtRmL rLtRmR","onset","thumb-L->ring-R; thumb-R->ring-L","thumb-R",FALSE
"3476","rLtRmR iLtRrR iRtRmL","onset","thumb-L->ring-R; thumb-R->ring-L","thumb-R",FALSE
"3479","mLtRiR mRtRrR rLtRiL","onset","thumb-L->ring-R; thumb-R->ring-L","thumb-R",FALSE
"3469","mRtRmL rRtRiR rLtRiL","onset","thumb-L->ring-R; thumb-R->ring-L","thumb-R",FALSE
"3504","rRtLiL mLtLmR rLtLiR","coda","thumb-L->index-L; thumb-R->index-R","thumb-L",FALSE
"3554","rLtLmR rRtLmL iRtLiL","coda","thumb-L->index-L; thumb-R->index-R","thumb-L",FALSE
"3575","rRtLiL mLtLrL iRtLmR","coda","thumb-L->index-L; thumb-R->index-R","thumb-L",FALSE
"3517","rLtLmR iRtLmL rRtLiL","coda","thumb-L->index-L; thumb-R->index-R","thumb-L",FALSE
"3683","rRtRmR iLtRiR mLtRrL","coda","thumb-L->index-L; thumb-R->index-R","thumb-R",FALSE
"3666","rLtRiL rRtRmL mRtRiR","coda","thumb-L->index-L; thumb-R->index-R","thumb-R",FALSE
"3600","rRtRmL rLtRiL mRtRiR","coda","thumb-L->index-L; thumb-R->index-R","thumb-R",FALSE
"3606","mRtRiR rRtRrL iLtRmL","coda","thumb-L->index-L; thumb-R->index-R","thumb-R",FALSE
"3778","iRtLiL rLtLrR mLtLmR","coda","thumb-L->index-L; thumb-R->middle-R","thumb-L",FALSE
"3720","rRtLiR rLtLmR mLtLiL","coda","thumb-L->index-L; thumb-R->middle-R","thumb-L",FALSE
"3714","mRtLiR mLtLiL rRtLrL","coda","thumb-L->index-L; thumb-R->middle-R","thumb-L",FALSE
"3781","mRtLiL rLtLmL iRtLrR","coda","thumb-L->index-L; thumb-R->middle-R","thumb-L",FALSE
"3863","rRtRmR iLtRmL rLtRiR","coda","thumb-L->index-L; thumb-R->middle-R","thumb-R",FALSE
"3799","mLtRiL rLtRrR iRtRmR","coda","thumb-L->index-L; thumb-R->middle-R","thumb-R",FALSE
"3839","rRtRrL iLtRmL iRtRmR","coda","thumb-L->index-L; thumb-R->middle-R","thumb-R",FALSE
"3838","iLtRiR rRtRmR mLtRrL","coda","thumb-L->index-L; thumb-R->middle-R","thumb-R",FALSE
"3951","rRtLiL mLtLmR iRtLrL","coda","thumb-L->index-L; thumb-R->ring-R","thumb-L",FALSE
"3918","rLtLiR mRtLiL mLtLrR","coda","thumb-L->index-L; thumb-R->ring-R","thumb-L",FALSE
"3938","rLtLiL mRtLiR rRtLmL","coda","thumb-L->index-L; thumb-R->ring-R","thumb-L",FALSE
"3961","iRtLmR rLtLiL mLtLrR","coda","thumb-L->index-L; thumb-R->ring-R","thumb-L",FALSE
"4067","mLtRmR iLtRiR rLtRrR","coda","thumb-L->index-L; thumb-R->ring-R","thumb-R",FALSE
"4034","rLtRrR mRtRmL iRtRiL","coda","thumb-L->index-L; thumb-R->ring-R","thumb-R",FALSE
"3996","mLtRiR iLtRrR rLtRmR","coda","thumb-L->index-L; thumb-R->ring-R","thumb-R",FALSE
"4019","iRtRrR mRtRiL rLtRmL","coda","thumb-L->index-L; thumb-R->ring-R","thumb-R",FALSE
"4126","iLtLiR mLtLrL rRtLmR","coda","thumb-L->index-R; thumb-R->index-L","thumb-L",FALSE
"4139","rLtLmL iLtLrR mRtLiR","coda","thumb-L->index-R; thumb-R->index-L","thumb-L",FALSE
"4093","rLtLiR rRtLmR iLtLmL","coda","thumb-L->index-R; thumb-R->index-L","thumb-L",FALSE
"4117","rLtLrR iLtLmR mLtLiR","coda","thumb-L->index-R; thumb-R->index-L","thumb-L",FALSE
"4215","rRtRmL mRtRiL iRtRrL","coda","thumb-L->index-R; thumb-R->index-L","thumb-R",FALSE
"4200","mLtRiR rRtRiL rLtRmR","coda","thumb-L->index-R; thumb-R->index-L","thumb-R",FALSE
"4267","rLtRmR rRtRiL mLtRiR","coda","thumb-L->index-R; thumb-R->index-L","thumb-R",FALSE
"4219","mRtRiL iRtRrL mLtRrR","coda","thumb-L->index-R; thumb-R->index-L","thumb-R",FALSE
"4333","mLtLiR mRtLiL rLtLrR","coda","thumb-L->index-R; thumb-R->middle-L","thumb-L",FALSE
"4324","mLtLiR rLtLmR iLtLrR","coda","thumb-L->index-R; thumb-R->middle-L","thumb-L",FALSE
"4290","mRtLiR mLtLiL rRtLrL","coda","thumb-L->index-R; thumb-R->middle-L","thumb-L",FALSE
"4273","mLtLrL mRtLrR iLtLiR","coda","thumb-L->index-R; thumb-R->middle-L","thumb-L",FALSE
"4401","iLtRrR iRtRmR rLtRmL","coda","thumb-L->index-R; thumb-R->middle-L","thumb-R",FALSE
"4380","iRtRmR iLtRrL rRtRmL","coda","thumb-L->index-R; thumb-R->middle-L","thumb-R",FALSE
"4383","mRtRmL iLtRiR rLtRrR","coda","thumb-L->index-R; thumb-R->middle-L","thumb-R",FALSE
"4388","rRtRiR rLtRiL mRtRmL","coda","thumb-L->index-R; thumb-R->middle-L","thumb-R",FALSE
"4482","iLtLiR rLtLmL mRtLrR","coda","thumb-L->index-R; thumb-R->ring-L","thumb-L",FALSE
"4527","mRtLmL rRtLrL iLtLiR","coda","thumb-L->index-R; thumb-R->ring-L","thumb-L",FALSE
"4493","mLtLiL rLtLiR rRtLmR","coda","thumb-L->index-R; thumb-R->ring-L","thumb-L",FALSE
"4530","rLtLmR mLtLrR iLtLiR","coda","thumb-L->index-R; thumb-R->ring-L","thumb-L",FALSE
"4584","rRtRmL iLtRiR mRtRrL","coda","thumb-L->index-R; thumb-R->ring-L","thumb-R",FALSE
"4609","iRtRrL mLtRrR iLtRmR","coda","thumb-L->index-R; thumb-R->ring-L","thumb-R",FALSE
"4628","mRtRmL iRtRiL rRtRrL","coda","thumb-L->index-R; thumb-R->ring-L","thumb-R",FALSE
"4613","mLtRrL mRtRiL rRtRiR","coda","thumb-L->index-R; thumb-R->ring-L","thumb-R",FALSE
"4734","mRtLiR rLtLiL rRtLmL","coda","thumb-L->middle-L; thumb-R->index-R","thumb-L",FALSE
"4729","iLtLmR iRtLrR rLtLmL","coda","thumb-L->middle-L; thumb-R->index-R","thumb-L",FALSE
"4697","iRtLiL rRtLmL mRtLrL","coda","thumb-L->middle-L; thumb-R->index-R","thumb-L",FALSE
"4659","iLtLrL iRtLmR rRtLmL","coda","thumb-L->middle-L; thumb-R->index-R","thumb-L",FALSE
"4760","mRtRiR iLtRmL rLtRrR","coda","thumb-L->middle-L; thumb-R->index-R","thumb-R",FALSE
"4835","mRtRrR rLtRiL mLtRiR","coda","thumb-L->middle-L; thumb-R->index-R","thumb-R",FALSE
"4763","rRtRiR iLtRmR rLtRmL","coda","thumb-L->middle-L; thumb-R->index-R","thumb-R",FALSE
"4790","rLtRrR mRtRiR mLtRiL","coda","thumb-L->middle-L; thumb-R->index-R","thumb-R",FALSE
"4924","rLtLmR iRtLiL rRtLmL","coda","thumb-L->middle-L; thumb-R->middle-R","thumb-L",FALSE
"4912","iRtLiL mRtLmL rRtLrL","coda","thumb-L->middle-L; thumb-R->middle-R","thumb-L",FALSE
"4870","rLtLmR iRtLmL iLtLrR","coda","thumb-L->middle-L; thumb-R->middle-R","thumb-L",FALSE
"4947","rRtLmR rLtLmL iLtLiR","coda","thumb-L->middle-L; thumb-R->middle-R","thumb-L",FALSE
"4957","rRtRmR iRtRiL mLtRrL","coda","thumb-L->middle-L; thumb-R->middle-R","thumb-R",FALSE
"5012","rLtRiR mLtRmR rRtRiL","coda","thumb-L->middle-L; thumb-R->middle-R","thumb-R",FALSE
"5020","rRtRiR mLtRrL iLtRmR","coda","thumb-L->middle-L; thumb-R->middle-R","thumb-R",FALSE
"4992","rLtRiL mLtRiR rRtRmR","coda","thumb-L->middle-L; thumb-R->middle-R","thumb-R",FALSE
"5115","rLtLiR mRtLiL rRtLmL","coda","thumb-L->middle-L; thumb-R->ring-R","thumb-L",FALSE
"5095","mRtLmL iRtLiL rLtLrR","coda","thumb-L->middle-L; thumb-R->ring-R","thumb-L",FALSE
"5084","mRtLiR rRtLmL rLtLiL","coda","thumb-L->middle-L; thumb-R->ring-R","thumb-L",FALSE
"5091","rRtLrL iLtLmR iRtLmL","coda","thumb-L->middle-L; thumb-R->ring-R","thumb-L",FALSE
"5180","mRtRiL iRtRmL rLtRrR","coda","thumb-L->middle-L; thumb-R->ring-R","thumb-R",FALSE
"5183","rLtRiR mRtRmL iLtRrR","coda","thumb-L->middle-L; thumb-R->ring-R","thumb-R",FALSE
"5185","mRtRiR mLtRrR iLtRrL","coda","thumb-L->middle-L; thumb-R->ring-R","thumb-R",FALSE
"5167","rLtRrR mRtRiR mLtRiL","coda","thumb-L->middle-L; thumb-R->ring-R","thumb-R",FALSE
"5283","iRtLmR iLtLmL rRtLrL","coda","thumb-L->middle-R; thumb-R->index-L","thumb-L",FALSE
"5257","mLtLiL iRtLmR rRtLrL","coda","thumb-L->middle-R; thumb-R->index-L","thumb-L",FALSE
"5298","iRtLrL mLtLmR iLtLrR","coda","thumb-L->middle-R; thumb-R->index-L","thumb-L",FALSE
"5334","iRtLrL iLtLmR rRtLmL","coda","thumb-L->middle-R; thumb-R->index-L","thumb-L",FALSE
"5373","rRtRiR mRtRiL rLtRmL","coda","thumb-L->middle-R; thumb-R->index-L","thumb-R",FALSE
"5353","mLtRrL mRtRiR rRtRiL","coda","thumb-L->middle-R; thumb-R->index-L","thumb-R",FALSE
"5419","rRtRrL iRtRiL mRtRmL","coda","thumb-L->middle-R; thumb-R->index-L","thumb-R",FALSE
"5424","rLtRiL rRtRmL iRtRmR","coda","thumb-L->middle-R; thumb-R->index-L","thumb-R",FALSE
"5480","rLtLrR mLtLiR iLtLmR","coda","thumb-L->middle-R; thumb-R->middle-L","thumb-L",FALSE
"5528","iLtLrL iRtLmR mLtLrR","coda","thumb-L->middle-R; thumb-R->middle-L","thumb-L",FALSE
"5444","rRtLrL mLtLmR iLtLiR","coda","thumb-L->middle-R; thumb-R->middle-L","thumb-L",FALSE
"5451","mLtLmR iRtLiL rRtLrL","coda","thumb-L->middle-R; thumb-R->middle-L","thumb-L",FALSE
"5590","mRtRrL iLtRiR rRtRmL","coda","thumb-L->middle-R; thumb-R->middle-L","thumb-R",FALSE
"5575","rRtRmR iRtRmL rLtRiL","coda","thumb-L->middle-R; thumb-R->middle-L","thumb-R",FALSE
"5567","iLtRrL iRtRmR rRtRmL","coda","thumb-L->middle-R; thumb-R->middle-L","thumb-R",FALSE
"5532","mRtRmL iLtRrL iRtRrR","coda","thumb-L->middle-R; thumb-R->middle-L","thumb-R",FALSE
"5699","mLtLmR rLtLiL iRtLrR","coda","thumb-L->middle-R; thumb-R->ring-L","thumb-L",FALSE
"5696","rRtLmR iLtLmL iRtLrL","coda","thumb-L->middle-R; thumb-R->ring-L","thumb-L",FALSE
"5719","iLtLrR iRtLmR mLtLrL","coda","thumb-L->middle-R; thumb-R->ring-L","thumb-L",FALSE
"5650","iLtLiR rLtLmR mLtLrR","coda","thumb-L->middle-R; thumb-R->ring-L","thumb-L",FALSE
"5795","iRtRmR iLtRmL rRtRrL","coda","thumb-L->middle-R; thumb-R->ring-L","thumb-R",FALSE
"5730","mLtRrL iLtRrR iRtRmR","coda","thumb-L->middle-R; thumb-R->ring-L","thumb-R",FALSE
"5808","mRtRmL iLtRrL rRtRiR","coda","thumb-L->middle-R; thumb-R->ring-L","thumb-R",FALSE
"5798","mRtRiR iLtRrR mLtRrL","coda","thumb-L->middle-R; thumb-R->ring-L","thumb-R",FALSE
"5827","mLtLmR iLtLrL iRtLrR","coda","thumb-L->ring-L; thumb-R->index-R","thumb-L",FALSE
"5895","mRtLmL iLtLrL iRtLrR","coda","thumb-L->ring-L; thumb-R->index-R","thumb-L",FALSE
"5856","mRtLmL iLtLrR iRtLrL","coda","thumb-L->ring-L; thumb-R->index-R","thumb-L",FALSE
"5850","mLtLrL iLtLmR rRtLiR","coda","thumb-L->ring-L; thumb-R->index-R","thumb-L",FALSE
"5919","iLtRrL rRtRiR mRtRmL","coda","thumb-L->ring-L; thumb-R->index-R","thumb-R",FALSE
"5967","mLtRrR iLtRiR mRtRrL","coda","thumb-L->ring-L; thumb-R->index-R","thumb-R",FALSE
"5922","rRtRmR iLtRiR mLtRrL","coda","thumb-L->ring-L; thumb-R->index-R","thumb-R",FALSE
"5991","rRtRrL mRtRiR iLtRmL","coda","thumb-L->ring-L; thumb-R->index-R","thumb-R",FALSE
"6016","mLtLrL iRtLiL rRtLmR","coda","thumb-L->ring-L; thumb-R->middle-R","thumb-L",FALSE
"6061","rRtLrL iLtLmL iRtLmR","coda","thumb-L->ring-L; thumb-R->middle-R","thumb-L",FALSE
"6067","iLtLmL mRtLrL rRtLiR","coda","thumb-L->ring-L; thumb-R->middle-R","thumb-L",FALSE
"6106","iLtLmR rRtLrL iRtLmL","coda","thumb-L->ring-L; thumb-R->middle-R","thumb-L",FALSE
"6180","rLtRrR mLtRiL iRtRmR","coda","thumb-L->ring-L; thumb-R->middle-R","thumb-R",FALSE
"6123","rRtRmL iRtRmR iLtRrL","coda","thumb-L->ring-L; thumb-R->middle-R","thumb-R",FALSE
"6134","iRtRrL rRtRiL mLtRmR","coda","thumb-L->ring-L; thumb-R->middle-R","thumb-R",FALSE
"6205","rRtRmR rLtRmL iLtRiR","coda","thumb-L->ring-L; thumb-R->middle-R","thumb-R",FALSE
"6225","mRtLrL mLtLiR iLtLrR","coda","thumb-L->ring-L; thumb-R->ring-R","thumb-L",FALSE
"6297","mRtLrL iRtLiL rRtLmL","coda","thumb-L->ring-L; thumb-R->ring-R","thumb-L",FALSE
"6223","mLtLrL mRtLrR iLtLiR","coda","thumb-L->ring-L; thumb-R->ring-R","thumb-L",FALSE
"6284","iRtLrL mRtLmL rRtLiL","coda","thumb-L->ring-L; thumb-R->ring-R","thumb-L",FALSE
"6313","mLtRrL iLtRrR mRtRiR","coda","thumb-L->ring-L; thumb-R->ring-R","thumb-R",FALSE
"6337","mRtRrL mLtRiR iLtRrR","coda","thumb-L->ring-L; thumb-R->ring-R","thumb-R",FALSE
"6328","mRtRrR mLtRiL iRtRrL","coda","thumb-L->ring-L; thumb-R->ring-R","thumb-R",FALSE
"6388","mRtRiL rLtRiR mLtRrR","coda","thumb-L->ring-L; thumb-R->ring-R","thumb-R",FALSE
"6456","mLtLmR iLtLrL iRtLrR","coda","thumb-L->ring-R; thumb-R->index-L","thumb-L",FALSE
"6428","rLtLrR mLtLiR iLtLmR","coda","thumb-L->ring-R; thumb-R->index-L","thumb-L",FALSE
"6472","mRtLmL iLtLiR rLtLrR","coda","thumb-L->ring-R; thumb-R->index-L","thumb-L",FALSE
"6479","iRtLmL mRtLrR rLtLiL","coda","thumb-L->ring-R; thumb-R->index-L","thumb-L",FALSE
"6543","rLtRiR mRtRiL mLtRrR","coda","thumb-L->ring-R; thumb-R->index-L","thumb-R",FALSE
"6532","mLtRmR rRtRiR rLtRiL","coda","thumb-L->ring-R; thumb-R->index-L","thumb-R",FALSE
"6567","mLtRiL rLtRmR rRtRiR","coda","thumb-L->ring-R; thumb-R->index-L","thumb-R",FALSE
"6549","mRtRmL iRtRiL rLtRrR","coda","thumb-L->ring-R; thumb-R->index-L","thumb-R",FALSE
"6676","iRtLrL mRtLiL mLtLrR","coda","thumb-L->ring-R; thumb-R->middle-L","thumb-L",FALSE
"6668","iRtLrR mRtLiL mLtLrL","coda","thumb-L->ring-R; thumb-R->middle-L","thumb-L",FALSE
"6659","mLtLrR iRtLrL mRtLiL","coda","thumb-L->ring-R; thumb-R->middle-L","thumb-L",FALSE
"6684","iLtLmL iRtLrR rLtLmR","coda","thumb-L->ring-R; thumb-R->middle-L","thumb-L",FALSE
"6778","rRtRmL iRtRiL mRtRrL","coda","thumb-L->ring-R; thumb-R->middle-L","thumb-R",FALSE
"6699","iLtRmL rLtRiR rRtRmR","coda","thumb-L->ring-R; thumb-R->middle-L","thumb-R",FALSE
"6773","rLtRmL iLtRiR mRtRrR","coda","thumb-L->ring-R; thumb-R->middle-L","thumb-R",FALSE
"6727","rRtRmL rLtRmR iLtRiR","coda","thumb-L->ring-R; thumb-R->middle-L","thumb-R",FALSE
"6802","iRtLrL mLtLrR mRtLiL","coda","thumb-L->ring-R; thumb-R->ring-L","thumb-L",FALSE
"6830","mLtLrR mRtLiR iLtLrL","coda","thumb-L->ring-R; thumb-R->ring-L","thumb-L",FALSE
"6833","iRtLiL rLtLmL mRtLrR","coda","thumb-L->ring-R; thumb-R->ring-L","thumb-L",FALSE
"6868","mLtLiR rLtLrR iLtLmR","coda","thumb-L->ring-R; thumb-R->ring-L","thumb-L",FALSE
"6930","iRtRrR mLtRmR iLtRrL","coda","thumb-L->ring-R; thumb-R->ring-L","thumb-R",FALSE
"6981","mRtRiL rRtRrL iRtRmL","coda","thumb-L->ring-R; thumb-R->ring-L","thumb-R",FALSE
"6973","mLtRmR iLtRrL rRtRiR","coda","thumb-L->ring-R; thumb-R->ring-L","thumb-R",FALSE
"6938","iRtRrR mRtRrL mLtRiL","coda","thumb-L->ring-R; thumb-R->ring-L","thumb-R",FALSE
"1","rLtLiR mLtLrR iLtLmR","onset","thumb-L->index-L; thumb-R->index-R","thumb-L",TRUE
"98","mLtRrL rRtRiL iRtRmR","onset","thumb-L->index-L; thumb-R->index-R","thumb-R",TRUE
"195","iRtLmR iLtLrR rLtLmL","onset","thumb-L->index-L; thumb-R->middle-R","thumb-L",TRUE
"292","mRtRrR iLtRmL rLtRiR","onset","thumb-L->index-L; thumb-R->middle-R","thumb-R",TRUE
"389","rLtLmL rRtLmR iLtLiR","onset","thumb-L->index-L; thumb-R->ring-R","thumb-L",TRUE
"486","rRtRmR rLtRiL mLtRiR","onset","thumb-L->index-L; thumb-R->ring-R","thumb-R",TRUE
"583","mLtLiL rLtLmR iRtLrR","onset","thumb-L->index-R; thumb-R->index-L","thumb-L",TRUE
"680","mLtRmR rLtRrR iLtRiR","onset","thumb-L->index-R; thumb-R->index-L","thumb-R",TRUE
"777","mRtLrL iRtLrR mLtLiL","onset","thumb-L->index-R; thumb-R->middle-L","thumb-L",TRUE
"874","iLtRiR rRtRrL mLtRmR","onset","thumb-L->index-R; thumb-R->middle-L","thumb-R",TRUE
"971","rRtLmR iRtLiL mLtLrL","onset","thumb-L->index-R; thumb-R->ring-L","thumb-L",TRUE
"1068","mLtRiL rLtRmR rRtRiR","onset","thumb-L->index-R; thumb-R->ring-L","thumb-R",TRUE
"1165","rLtLrR mLtLiL iRtLmR","onset","thumb-L->middle-L; thumb-R->index-R","thumb-L",TRUE
"1262","iRtRrR iLtRmR mLtRrL","onset","thumb-L->middle-L; thumb-R->index-R","thumb-R",TRUE
"1359","rRtLmR iLtLrL mLtLiR","onset","thumb-L->middle-L; thumb-R->middle-R","thumb-L",TRUE
"1456","iRtRrL mRtRiL mLtRrR","onset","thumb-L->middle-L; thumb-R->middle-R","thumb-R",TRUE
"1553","mLtLrR iRtLiL mRtLrL","onset","thumb-L->middle-L; thumb-R->ring-R","thumb-L",TRUE
"1650","mLtRiR rLtRiL rRtRmR","onset","thumb-L->middle-L; thumb-R->ring-R","thumb-R",TRUE
"1747","rRtLiR rLtLiL mRtLmL","onset","thumb-L->middle-R; thumb-R->index-L","thumb-L",TRUE
"1844","iLtRmL rRtRiR rLtRmR","onset","thumb-L->middle-R; thumb-R->index-L","thumb-R",TRUE
"1941","mRtLiR mLtLrR rLtLiL","onset","thumb-L->middle-R; thumb-R->middle-L","thumb-L",TRUE
"2038","mRtRiL mLtRrR iRtRrL","onset","thumb-L->middle-R; thumb-R->middle-L","thumb-R",TRUE
"2135","mRtLrR mLtLrL iRtLiL","onset","thumb-L->middle-R; thumb-R->ring-L","thumb-L",TRUE
"2232","rLtRmR iRtRiL rRtRmL","onset","thumb-L->middle-R; thumb-R->ring-L","thumb-R",TRUE
"2329","rLtLiL rRtLiR mRtLmL","onset","thumb-L->ring-L; thumb-R->index-R","thumb-L",TRUE
"2426","iLtRrL mLtRmR iRtRrR","onset","thumb-L->ring-L; thumb-R->index-R","thumb-R",TRUE
"2523","mRtLiL iRtLmL rLtLrR","onset","thumb-L->ring-L; thumb-R->middle-R","thumb-L",TRUE
"2620","rLtRmL rRtRiR mRtRiL","onset","thumb-L->ring-L; thumb-R->middle-R","thumb-R",TRUE
"2717","mRtLiR mLtLrR rLtLiL","onset","thumb-L->ring-L; thumb-R->ring-R","thumb-L",TRUE
"2814","rRtRmL iLtRmR rLtRiR","onset","thumb-L->ring-L; thumb-R->ring-R","thumb-R",TRUE
"2911","rRtLmR mLtLrL iRtLiL","onset","thumb-L->ring-R; thumb-R->index-L","thumb-L",TRUE
"3008","iLtRmR rRtRmL iRtRrL","onset","thumb-L->ring-R; thumb-R->index-L","thumb-R",TRUE
"3105","mRtLmL rRtLiR iLtLrL","onset","thumb-L->ring-R; thumb-R->middle-L","thumb-L",TRUE
"3202","mLtRmR iRtRrR rLtRiL","onset","thumb-L->ring-R; thumb-R->middle-L","thumb-R",TRUE
"3299","rRtLrL mLtLiR iLtLmR","onset","thumb-L->ring-R; thumb-R->ring-L","thumb-L",TRUE
"3396","rRtRiR rLtRmR mLtRiL","onset","thumb-L->ring-R; thumb-R->ring-L","thumb-R",TRUE
"3493","mLtLiL rRtLrL iRtLmR","coda","thumb-L->index-L; thumb-R->index-R","thumb-L",TRUE
"3590","rRtRmL mRtRrL iLtRiR","coda","thumb-L->index-L; thumb-R->index-R","thumb-R",TRUE
"3687","mRtLiR rLtLiL mLtLrR","coda","thumb-L->index-L; thumb-R->middle-R","thumb-L",TRUE
"3784","rLtRmR iLtRiR mLtRrR","coda","thumb-L->index-L; thumb-R->middle-R","thumb-R",TRUE
"3881","mRtLiR rLtLrR mLtLiL","coda","thumb-L->index-L; thumb-R->ring-R","thumb-L",TRUE
"3978","mLtRiL rLtRiR mRtRrR","coda","thumb-L->index-L; thumb-R->ring-R","thumb-R",TRUE
"4075","mLtLmR rRtLiR rLtLiL","coda","thumb-L->index-R; thumb-R->index-L","thumb-L",TRUE
"4172","mRtRrR rLtRmL iRtRiL","coda","thumb-L->index-R; thumb-R->index-L","thumb-R",TRUE
"4269","mRtLrL iLtLiR mLtLrR","coda","thumb-L->index-R; thumb-R->middle-L","thumb-L",TRUE
"4366","rRtRiR mRtRiL rLtRmL","coda","thumb-L->index-R; thumb-R->middle-L","thumb-R",TRUE
"4463","iLtLrR rLtLmR mLtLiR","coda","thumb-L->index-R; thumb-R->ring-L","thumb-L",TRUE
"4560","mLtRmR iLtRrR iRtRrL","coda","thumb-L->index-R; thumb-R->ring-L","thumb-R",TRUE
"4657","iLtLrR rLtLmL mRtLiR","coda","thumb-L->middle-L; thumb-R->index-R","thumb-L",TRUE
"4754","mLtRiL rRtRiR mRtRrL","coda","thumb-L->middle-L; thumb-R->index-R","thumb-R",TRUE
"4851","iLtLrL mRtLmL rRtLiR","coda","thumb-L->middle-L; thumb-R->middle-R","thumb-L",TRUE
"4948","mLtRrR iLtRiR rLtRmR","coda","thumb-L->middle-L; thumb-R->middle-R","thumb-R",TRUE
"5045","mRtLiL rRtLiR rLtLmL","coda","thumb-L->middle-L; thumb-R->ring-R","thumb-L",TRUE
"5142","iLtRrR mLtRiR rLtRmR","coda","thumb-L->middle-L; thumb-R->ring-R","thumb-R",TRUE
"5239","mLtLiL rRtLmR rLtLiR","coda","thumb-L->middle-R; thumb-R->index-L","thumb-L",TRUE
"5336","rLtRmR rRtRiL mLtRiR","coda","thumb-L->middle-R; thumb-R->index-L","thumb-R",TRUE
"5433","iLtLiR rRtLmL rLtLmR","coda","thumb-L->middle-R; thumb-R->middle-L","thumb-L",TRUE
"5530","rLtRmL mRtRrR iRtRiL","coda","thumb-L->middle-R; thumb-R->middle-L","thumb-R",TRUE
"5627","mLtLrL iRtLmR iLtLrR","coda","thumb-L->middle-R; thumb-R->ring-L","thumb-L",TRUE
"5724","mLtRiR rRtRrL iLtRmR","coda","thumb-L->middle-R; thumb-R->ring-L","thumb-R",TRUE
"5821","iRtLrR mRtLrL mLtLiL","coda","thumb-L->ring-L; thumb-R->index-R","thumb-L",TRUE
"5918","mRtRmL iLtRrR rLtRiR","coda","thumb-L->ring-L; thumb-R->index-R","thumb-R",TRUE
"6015","iLtLrR mRtLmL iRtLrL","coda","thumb-L->ring-L; thumb-R->middle-R","thumb-L",TRUE
"6112","rRtRmR rLtRiR mLtRiL","coda","thumb-L->ring-L; thumb-R->middle-R","thumb-R",TRUE
"6209","iRtLrL mLtLmR iLtLrR","coda","thumb-L->ring-L; thumb-R->ring-R","thumb-L",TRUE
"6306","mRtRmL iLtRrL iRtRrR","coda","thumb-L->ring-L; thumb-R->ring-R","thumb-R",TRUE
"6403","iRtLrR iLtLmL rLtLmR","coda","thumb-L->ring-R; thumb-R->index-L","thumb-L",TRUE
"6500","rLtRiL rRtRmL iRtRmR","coda","thumb-L->ring-R; thumb-R->index-L","thumb-R",TRUE
"6597","iLtLiR rLtLrR mRtLmL","coda","thumb-L->ring-R; thumb-R->middle-L","thumb-L",TRUE
"6694","rLtRrR mRtRiL iRtRmL","coda","thumb-L->ring-R; thumb-R->middle-L","thumb-R",TRUE
"6791","iRtLrR mLtLrL iLtLmR","coda","thumb-L->ring-R; thumb-R->ring-L","thumb-L",TRUE
"6888","iRtRrL mRtRiL mLtRrR","coda","thumb-L->ring-R; thumb-R->ring-L","thumb-R",TRUE
